Rank,Counterbutors Count,Counterbutors Url
1,No public countributors,"['https://github.com/achow101', 'https://github.com/adamjonas', 'https://github.com/ariard', 'https://github.com/aureleoules', 'https://github.com/darosior', 'https://github.com/dergoegge', 'https://github.com/Empact', 'https://github.com/fanquake', 'https://github.com/furszy', 'https://github.com/glozow', 'https://github.com/hebasto', 'https://github.com/instagibbs', 'https://github.com/jamesob', 'https://github.com/jarolrod', 'https://github.com/jnewbery', 'https://github.com/kallewoof', 'https://github.com/laanwj', 'https://github.com/luke-jr', 'https://github.com/MarcoFalke', 'https://github.com/morcos', 'https://github.com/naumenkogs', 'https://github.com/pinheadmz', 'https://github.com/promag', 'https://github.com/sdaftuar', 'https://github.com/sipa', 'https://github.com/sipsorcery', 'https://github.com/Sjors', 'https://github.com/theuni']"
2,No public countributors,"['https://github.com/aarlt', 'https://github.com/acoglio', 'https://github.com/acud', 'https://github.com/alcuadrado', 'https://github.com/Aldekein', 'https://github.com/astarinmymind', 'https://github.com/axic', 'https://github.com/bas-vk', 'https://github.com/bleesherman', 'https://github.com/cameel', 'https://github.com/casparschwa', 'https://github.com/cdetrio', 'https://github.com/christianparpart', 'https://github.com/corwintines', 'https://github.com/CPSTL', 'https://github.com/cubedro', 'https://github.com/dark64', 'https://github.com/ekpyron', 'https://github.com/emhane', 'https://github.com/ethers', 'https://github.com/evertonfraga', 'https://github.com/FrankSzendzielarz', 'https://github.com/franzihei', 'https://github.com/frncmx', 'https://github.com/g-r-a-n-t', 'https://github.com/gabrocheleau', 'https://github.com/gballet', 'https://github.com/gumb0', 'https://github.com/heikoheiko', 'https://github.com/hrkrshnn']"
3,No public countributors,
4,No public countributors,
5,1,['https://github.com/WietseWind']
6,No public countributors,
7,No public countributors,
8,5,"['https://github.com/chromatic', 'https://github.com/langerhans', 'https://github.com/michilumin', 'https://github.com/patricklodder', 'https://github.com/xanimo']"
9,11,"['https://github.com/A2nkF', 'https://github.com/aeyakovenko', 'https://github.com/harshasomisetty', 'https://github.com/jstarry', 'https://github.com/kumailn', 'https://github.com/mvines', 'https://github.com/rajgokal', 'https://github.com/Reisen', 'https://github.com/ryoqun', 'https://github.com/sakridge', 'https://github.com/yihau']"
10,No public countributors,
11,38,"['https://github.com/al3mart', 'https://github.com/altonen', 'https://github.com/andresilva', 'https://github.com/arkpar', 'https://github.com/ascjones', 'https://github.com/athei', 'https://github.com/bjornwgnr', 'https://github.com/bkchr', 'https://github.com/cmichi', 'https://github.com/coderobe', 'https://github.com/davxy', 'https://github.com/ddorgan', 'https://github.com/eskimor', 'https://github.com/fabiangompf', 'https://github.com/gabreal', 'https://github.com/gautamdhameja', 'https://github.com/gavofyork', 'https://github.com/ggwpez', 'https://github.com/hamidra', 'https://github.com/jeluard', 'https://github.com/jubnzv', 'https://github.com/kaichaosun', 'https://github.com/liamaharon', 'https://github.com/niklasad1', 'https://github.com/NikVolf', 'https://github.com/NukeManDan', 'https://github.com/ordian', 'https://github.com/peetzweg', 'https://github.com/rcny', 'https://github.com/Robbepop']"
12,No public countributors,
13,16,"['https://github.com/ankitboghra', 'https://github.com/C001-developer', 'https://github.com/DhairyaSethi', 'https://github.com/gatsbyz', 'https://github.com/IdrisHanafi', 'https://github.com/maxsam4', 'https://github.com/nervehammer', 'https://github.com/nitinmittal23', 'https://github.com/nivida', 'https://github.com/pratikspatil024', 'https://github.com/rahuldamodar94', 'https://github.com/sakshamtaneja21', 'https://github.com/sandeepnailwal', 'https://github.com/sh3ll3x3c', 'https://github.com/vcastellm', 'https://github.com/ZeroEkkusu']"
14,13,"['https://github.com/andreypfau', 'https://github.com/dreliass', 'https://github.com/dungeon-master-666', 'https://github.com/EmelyanenkoK', 'https://github.com/fcloser', 'https://github.com/igroman787', 'https://github.com/kdimentionaltree', 'https://github.com/LetikGit', 'https://github.com/neodiX42', 'https://github.com/sonofmom', 'https://github.com/SpyCheese', 'https://github.com/tolya-yanot', 'https://github.com/Trinketer22']"
15,9,"['https://github.com/coblee', 'https://github.com/DavidBurkett', 'https://github.com/losh11', 'https://github.com/pooler', 'https://github.com/shaolinfry', 'https://github.com/thrasher-', 'https://github.com/ultragtx', 'https://github.com/wangxinxi', 'https://github.com/wtogami']"
16,No public countributors,
17,No public countributors,
18,No public countributors,
19,No public countributors,
20,No public countributors,
21,8,"['https://github.com/accordeiro', 'https://github.com/dreking', 'https://github.com/fnando', 'https://github.com/heynenm', 'https://github.com/ire-and-curses', 'https://github.com/leighmcculloch', 'https://github.com/namankumar', 'https://github.com/willemneal']"
22,11,"['https://github.com/Alkhara', 'https://github.com/BrianTillman', 'https://github.com/essamhassan', 'https://github.com/justinkaseman', 'https://github.com/needalight', 'https://github.com/raviriley', 'https://github.com/RodrigoAD', 'https://github.com/sdrug', 'https://github.com/thodges-gh', 'https://github.com/tyrion70', 'https://github.com/willyrgf']"
23,8,"['https://github.com/archiemcquaid', 'https://github.com/bmperrea', 'https://github.com/cmaher', 'https://github.com/gipsy86147', 'https://github.com/gumdelli', 'https://github.com/ionutRD', 'https://github.com/jgiles', 'https://github.com/JohnAmican']"
24,No public countributors,
25,No public countributors,
26,No public countributors,
27,No public countributors,
28,No public countributors,"['https://github.com/aaronc', 'https://github.com/AdityaSripal', 'https://github.com/agouin', 'https://github.com/boojamya', 'https://github.com/damiannolan', 'https://github.com/dimiandre', 'https://github.com/dogemos', 'https://github.com/facundomedica', 'https://github.com/faddat', 'https://github.com/Farhad-Shabani', 'https://github.com/greg-szabo', 'https://github.com/jackzampolin', 'https://github.com/jleni', 'https://github.com/jtieri', 'https://github.com/julienrbrt', 'https://github.com/mariapao', 'https://github.com/mark-rushakoff', 'https://github.com/misko9', 'https://github.com/msteiner96', 'https://github.com/p0mvn', 'https://github.com/romac', 'https://github.com/ryanchristo', 'https://github.com/Shella', 'https://github.com/srdtrk', 'https://github.com/sunnya97', 'https://github.com/tac0turtle', 'https://github.com/tony-iqlusion', 'https://github.com/webmaster128', 'https://github.com/zmanian']"
29,No public countributors,"['https://github.com/Athethepainter', 'https://github.com/BelfordZ', 'https://github.com/bobsummerwill', 'https://github.com/developerkevin', 'https://github.com/gitr0n1n', 'https://github.com/kimisan', 'https://github.com/marcusrbrown', 'https://github.com/meowsbits', 'https://github.com/mikeyb', 'https://github.com/phyro', 'https://github.com/pyskell', 'https://github.com/realcodywburns', 'https://github.com/realroyzou', 'https://github.com/TheCrowbill', 'https://github.com/TheEnthusiasticAs', 'https://github.com/whilei']"
30,25,"['https://github.com/artemananiev', 'https://github.com/david-bakin-sl', 'https://github.com/imalygin', 'https://github.com/jascks', 'https://github.com/jasperpotts', 'https://github.com/jbair06', 'https://github.com/jsync-swirlds', 'https://github.com/kimbor', 'https://github.com/leninmehedy', 'https://github.com/lpetrovic05', 'https://github.com/lukelee-sl', 'https://github.com/mgoelswirlds', 'https://github.com/mhess-swl', 'https://github.com/michielmulders', 'https://github.com/nathanklick', 'https://github.com/Neeharika-Sompalli', 'https://github.com/nickpoorman', 'https://github.com/poulok', 'https://github.com/qnswirlds', 'https://github.com/rbair23', 'https://github.com/RobinCK', 'https://github.com/steven-sheehy', 'https://github.com/tannerjfco', 'https://github.com/theekrystallee', 'https://github.com/timo0']"
31,8,"['https://github.com/bitdivine', 'https://github.com/chmllr', 'https://github.com/Dfinity-Bjoern', 'https://github.com/dist1ll', 'https://github.com/dsarlis', 'https://github.com/nikola-milosa', 'https://github.com/sasa-tomic', 'https://github.com/smallstepman']"
32,27,"['https://github.com/alanshaw', 'https://github.com/andyschwab', 'https://github.com/anorth', 'https://github.com/BigLep', 'https://github.com/davidad', 'https://github.com/DiegoRBaquero', 'https://github.com/george-haddad', 'https://github.com/hugomrdias', 'https://github.com/igor-egorov', 'https://github.com/jbenet', 'https://github.com/jennijuju', 'https://github.com/jesseclay', 'https://github.com/jsoares', 'https://github.com/juliangruber', 'https://github.com/longfeiWan9', 'https://github.com/masih', 'https://github.com/nikkolasg', 'https://github.com/nonsense', 'https://github.com/protocol-labs', 'https://github.com/q9f', 'https://github.com/raulk', 'https://github.com/realChainLife', 'https://github.com/rvagg', 'https://github.com/Stebalien', 'https://github.com/travisperson', 'https://github.com/vvkio', 'https://github.com/whyrusleeping']"
33,No public countributors,
34,7,"['https://github.com/eddort', 'https://github.com/F4ever', 'https://github.com/folkyatina', 'https://github.com/pr0n00gler', 'https://github.com/skozin', 'https://github.com/TonyCoopeR-62', 'https://github.com/ujenjt']"
35,No public countributors,
36,No public countributors,
37,No public countributors,
38,No public countributors,
39,2,"['https://github.com/libotony', 'https://github.com/qianbin']"
40,22,"['https://github.com/0x3bfc', 'https://github.com/ailisp', 'https://github.com/artob', 'https://github.com/chadlamon', 'https://github.com/ChaoticTempest', 'https://github.com/dndll', 'https://github.com/encody', 'https://github.com/frankbraun', 'https://github.com/heycorwin', 'https://github.com/ilblackdragon', 'https://github.com/jakmeier', 'https://github.com/joshuajbouw', 'https://github.com/khorolets', 'https://github.com/Kouprin', 'https://github.com/Longarithm', 'https://github.com/MaximusHaximus', 'https://github.com/mfornet', 'https://github.com/nearmax', 'https://github.com/nikurt', 'https://github.com/paouvrard', 'https://github.com/posvyatokum', 'https://github.com/think-in-universe']"
41,5,"['https://github.com/felipe-op', 'https://github.com/JSeiferth', 'https://github.com/nickbalestra', 'https://github.com/sebastianst', 'https://github.com/spacesailor24']"
42,No public countributors,
43,4,"['https://github.com/donosonaumczuk', 'https://github.com/joshstevens19', 'https://github.com/sasicodes', 'https://github.com/xmc2']"
44,15,"['https://github.com/anirudh2', 'https://github.com/ardatan', 'https://github.com/brandonleekramer', 'https://github.com/chriswessels', 'https://github.com/dimitrovmaksim', 'https://github.com/enisdenjo', 'https://github.com/fubhy', 'https://github.com/neysofu', 'https://github.com/pcarranzav', 'https://github.com/saihaj', 'https://github.com/schmidsi', 'https://github.com/seanmooretechwriter', 'https://github.com/snario', 'https://github.com/Theodus', 'https://github.com/YassinEldeeb']"
45,2,"['https://github.com/jasonpaulos', 'https://github.com/winder']"
46,1,['https://github.com/AnilChinchawale']
47,No public countributors,
48,No public countributors,
49,No public countributors,
50,No public countributors,
51,No public countributors,"['https://github.com/CharlieC3', 'https://github.com/cylewitruk', 'https://github.com/diwakergupta', 'https://github.com/GinaAbrams', 'https://github.com/jcnelson', 'https://github.com/jeffdoms', 'https://github.com/kantai', 'https://github.com/kyranjamie', 'https://github.com/larrysalibra', 'https://github.com/lgalabru', 'https://github.com/moodmosaic', 'https://github.com/muneeb-ali', 'https://github.com/shea256', 'https://github.com/zone117x']"
52,No public countributors,
53,12,"['https://github.com/arhag', 'https://github.com/DenisCarriere', 'https://github.com/fcecin', 'https://github.com/heifner', 'https://github.com/Lilbansheemebe', 'https://github.com/linh2931', 'https://github.com/mikelik', 'https://github.com/oschwaldp-oci', 'https://github.com/spoonincode', 'https://github.com/stephenpdeos', 'https://github.com/systemzax', 'https://github.com/tedcahalleos']"
54,2,"['https://github.com/jieyilong', 'https://github.com/weiribao']"
55,No public countributors,
56,5,"['https://github.com/albertchon', 'https://github.com/gorgos', 'https://github.com/nmarcetic', 'https://github.com/Ri-go', 'https://github.com/vinhphuctadang']"
57,5,"['https://github.com/andrecronje', 'https://github.com/gelfand', 'https://github.com/Mike-CZ', 'https://github.com/MKong', 'https://github.com/vorot93']"
58,1,['https://github.com/proapi']
59,No public countributors,"['https://github.com/2fd', 'https://github.com/abarmat', 'https://github.com/agusaldasoro', 'https://github.com/andyesp', 'https://github.com/cazala', 'https://github.com/davidejensen', 'https://github.com/eordano', 'https://github.com/ginocingolani', 'https://github.com/kuruk-mm', 'https://github.com/lauti7', 'https://github.com/menduz', 'https://github.com/moliva', 'https://github.com/ncomerci', 'https://github.com/nearnshaw', 'https://github.com/olavra', 'https://github.com/pbosio', 'https://github.com/pravusjif', 'https://github.com/yemel']"
60,No public countributors,
61,No public countributors,
62,No public countributors,
63,8,"['https://github.com/archiemcquaid', 'https://github.com/bmperrea', 'https://github.com/cmaher', 'https://github.com/gipsy86147', 'https://github.com/gumdelli', 'https://github.com/ionutRD', 'https://github.com/jgiles', 'https://github.com/JohnAmican']"
64,14,"['https://github.com/AshRolls', 'https://github.com/belane', 'https://github.com/chenzhitong', 'https://github.com/djnicholson', 'https://github.com/erikzhang', 'https://github.com/Lichen9618', 'https://github.com/lightszero', 'https://github.com/lllwvlvwlll', 'https://github.com/longfeiWan9', 'https://github.com/shargon', 'https://github.com/snowypowers', 'https://github.com/steven1227', 'https://github.com/superboyiii', 'https://github.com/vncoelho']"
65,1,['https://github.com/thorchain-admin']
66,5,"['https://github.com/drklee3', 'https://github.com/karzak', 'https://github.com/nddeluca', 'https://github.com/pirtleshell', 'https://github.com/rhuairahrighairidh']"
67,8,"['https://github.com/archiemcquaid', 'https://github.com/bmperrea', 'https://github.com/cmaher', 'https://github.com/gipsy86147', 'https://github.com/gumdelli', 'https://github.com/ionutRD', 'https://github.com/jgiles', 'https://github.com/JohnAmican']"
68,No public countributors,
69,No public countributors,
70,No public countributors,"['https://github.com/AlexHentschel', 'https://github.com/chasefleming', 'https://github.com/durkmurder', 'https://github.com/DylanTinianov', 'https://github.com/fxamacker', 'https://github.com/gregsantos', 'https://github.com/j1010001', 'https://github.com/JeffreyDoyle', 'https://github.com/jordanschalm', 'https://github.com/joshuahannan', 'https://github.com/Kay-Zee', 'https://github.com/laynelafrance', 'https://github.com/nvdtf', 'https://github.com/ramtinms', 'https://github.com/sideninja', 'https://github.com/SupunS', 'https://github.com/turbolent', 'https://github.com/zhangchiqing']"
71,4,"['https://github.com/darcius', 'https://github.com/darrenlangley', 'https://github.com/jclapis', 'https://github.com/kanewallmann']"
72,No public countributors,
73,No public countributors,
74,7,"['https://github.com/aidan-kwon', 'https://github.com/bitaholic', 'https://github.com/circleci-klaytn', 'https://github.com/KimKyungup', 'https://github.com/neoofklaytn', 'https://github.com/nohkwak', 'https://github.com/smseo']"
75,No public countributors,
76,2,"['https://github.com/0xJM', 'https://github.com/samkazemian']"
77,14,"['https://github.com/abdulmth', 'https://github.com/alexsporn', 'https://github.com/anistark', 'https://github.com/begonaalvarezd', 'https://github.com/domschiener', 'https://github.com/howjmay', 'https://github.com/karimodm', 'https://github.com/kwek20', 'https://github.com/luca-moser', 'https://github.com/lzpap', 'https://github.com/rajivshah3', 'https://github.com/samuel-rufi', 'https://github.com/thibault-martinez', 'https://github.com/Thoralf-M']"
78,No public countributors,
79,No public countributors,
80,3,"['https://github.com/after-ephemera', 'https://github.com/mwtian', 'https://github.com/wriches']"
81,No public countributors,
82,2,"['https://github.com/jeanetteliu', 'https://github.com/twilmoth']"
83,5,"['https://github.com/bneiluj', 'https://github.com/charlie-eth', 'https://github.com/iamdefinitelyahuman', 'https://github.com/philippe-git', 'https://github.com/skellet0r']"
84,No public countributors,
85,No public countributors,"['https://github.com/amc-ie', 'https://github.com/bkase', 'https://github.com/dannywillems', 'https://github.com/deepthiskumar', 'https://github.com/dkijania', 'https://github.com/ejMina226', 'https://github.com/fabrizio-m', 'https://github.com/georgeee', 'https://github.com/ghost-not-in-the-shell', 'https://github.com/imeckler', 'https://github.com/joaosreis', 'https://github.com/joseandro', 'https://github.com/jspada', 'https://github.com/kantp', 'https://github.com/kaozenn', 'https://github.com/LucidSamuel', 'https://github.com/MartinMinkov', 'https://github.com/mina-bot', 'https://github.com/mitschabaude', 'https://github.com/mrmr1993', 'https://github.com/nholland94', 'https://github.com/psteckler', 'https://github.com/querolita', 'https://github.com/QuiteStochastic', 'https://github.com/rbonichon', 'https://github.com/shimkiv', 'https://github.com/simisimis', 'https://github.com/Smorci', 'https://github.com/stevenplatt', 'https://github.com/Sventimir']"
86,No public countributors,
87,No public countributors,
88,2,
89,No public countributors,
90,No public countributors,
91,No public countributors,
92,No public countributors,
93,No public countributors,
94,No public countributors,
95,No public countributors,
96,No public countributors,
97,No public countributors,
98,3,
99,No public countributors,
100,14,
101,No public countributors,
102,No public countributors,
103,No public countributors,
104,No public countributors,
105,No public countributors,
106,No public countributors,
107,No public countributors,
108,No public countributors,
109,No public countributors,
110,15,
111,No public countributors,
112,No public countributors,
113,No public countributors,
114,No public countributors,
115,18,
116,No public countributors,
117,9,
118,1,
119,No public countributors,
120,8,
121,No public countributors,
122,No public countributors,
123,No public countributors,
124,No public countributors,
125,2,
126,1,
127,No public countributors,
128,No public countributors,
129,10,
130,No public countributors,
131,6,
132,No public countributors,
133,No public countributors,
134,No public countributors,
135,5,
136,No public countributors,
137,5,
138,No public countributors,
139,20,
140,No public countributors,
141,No public countributors,
142,No public countributors,
143,No public countributors,
144,No public countributors,
145,10,
146,27,
147,4,
148,7,
149,2,
150,No public countributors,
151,No public countributors,
152,No public countributors,
153,No public countributors,
154,10,
155,No public countributors,
156,3,
157,No public countributors,
158,No public countributors,
159,No public countributors,
160,7,
161,No public countributors,
162,1,
163,2,
164,No public countributors,
165,1,
166,No public countributors,
167,No public countributors,
168,No public countributors,
169,No public countributors,
170,No public countributors,
171,No public countributors,
172,No public countributors,
173,4,
174,No public countributors,
175,No public countributors,
176,No public countributors,
177,No public countributors,
178,No public countributors,
179,No public countributors,
180,No public countributors,
181,No public countributors,
182,4,
183,3,
184,No public countributors,
185,2,
186,2,
187,No public countributors,
188,No public countributors,
189,No public countributors,
190,No public countributors,
191,No public countributors,
192,No public countributors,
193,49,
194,1,
195,3,
196,No public countributors,
197,No public countributors,
198,No public countributors,
199,37,
200,No public countributors,
